{"cameraMode":{"drawMode":0,"name":"Shaded","section":"Shading Mode"},"sceneLighting":true,"audioPlay":false,"sceneViewState":{"m_AlwaysRefresh":false,"showFog":true,"showSkybox":true,"showFlares":true,"showImageEffects":true,"showParticleSystems":true,"showVisualEffectGraphs":true,"m_FxEnabled":true},"in2DMode":false,"pivot":{"x":20.552196502685548,"y":109.70488739013672,"z":19.523244857788087},"rotation":{"x":-0.26467496156692507,"y":0.6749317646026611,"z":-0.2846407890319824,"w":-0.6267986297607422},"size":0.8660253882408142,"orthographic":false}