{"cameraMode":{"drawMode":0,"name":"Shaded","section":"Shading Mode"},"sceneLighting":false,"audioPlay":false,"sceneViewState":{"m_AlwaysRefresh":false,"showFog":true,"showSkybox":false,"showFlares":true,"showImageEffects":true,"showParticleSystems":true,"showVisualEffectGraphs":true,"m_FxEnabled":true},"in2DMode":false,"pivot":{"x":0.6542553901672363,"y":4.766095161437988,"z":-1.033463478088379},"rotation":{"x":-0.1719318926334381,"y":0.0035275155678391458,"z":-0.0006900078151375055,"w":-0.9849854111671448},"size":5.837863445281982,"orthographic":false}