{"cameraMode":{"drawMode":0,"name":"Shaded","section":"Shading Mode"},"sceneLighting":true,"audioPlay":false,"sceneViewState":{"m_AlwaysRefresh":false,"showFog":true,"showSkybox":true,"showFlares":true,"showImageEffects":true,"showParticleSystems":true,"showVisualEffectGraphs":true,"m_FxEnabled":true},"in2DMode":false,"pivot":{"x":13.346928596496582,"y":38.82665252685547,"z":-0.32094359397888186},"rotation":{"x":-0.35559749603271487,"y":-0.6412742137908936,"z":0.4207935035228729,"w":-0.5331175327301025},"size":0.8660253882408142,"orthographic":false}