{"cameraMode":{"drawMode":0,"name":"Shaded","section":"Shading Mode"},"sceneLighting":true,"audioPlay":false,"sceneViewState":{"m_AlwaysRefresh":false,"showFog":true,"showSkybox":true,"showFlares":true,"showImageEffects":true,"showParticleSystems":true,"showVisualEffectGraphs":true,"m_FxEnabled":true},"in2DMode":false,"pivot":{"x":-5.628626823425293,"y":9.065597534179688,"z":16.546558380126954},"rotation":{"x":0.0779547169804573,"y":0.9185265898704529,"z":-0.21082301437854768,"w":0.32368069887161257},"size":0.8660253882408142,"orthographic":false}