{"cameraMode":{"drawMode":0,"name":"Shaded","section":"Shading Mode"},"sceneLighting":true,"audioPlay":false,"sceneViewState":{"m_AlwaysRefresh":false,"showFog":true,"showSkybox":true,"showFlares":true,"showImageEffects":true,"showParticleSystems":true,"showVisualEffectGraphs":true,"m_FxEnabled":true},"in2DMode":false,"pivot":{"x":0.9798160791397095,"y":9.62540340423584,"z":-20.66115379333496},"rotation":{"x":-0.21746988594532014,"y":0.016570312902331353,"z":-0.004211085848510265,"w":-0.9757228493690491},"size":5.861850738525391,"orthographic":false}