{"cameraMode":{"drawMode":0,"name":"Shaded","section":"Shading Mode"},"sceneLighting":true,"audioPlay":false,"sceneViewState":{"m_AlwaysRefresh":false,"showFog":true,"showSkybox":true,"showFlares":true,"showImageEffects":true,"showParticleSystems":true,"showVisualEffectGraphs":true,"m_FxEnabled":true},"in2DMode":false,"pivot":{"x":9.15811824798584,"y":10.292940139770508,"z":-39.023582458496097},"rotation":{"x":0.08263708651065827,"y":-0.1321699470281601,"z":0.016988731920719148,"w":0.987092912197113},"size":0.9334774613380432,"orthographic":false}