{"cameraMode":{"drawMode":0,"name":"Shaded","section":"Shading Mode"},"sceneLighting":false,"audioPlay":false,"sceneViewState":{"m_AlwaysRefresh":false,"showFog":true,"showSkybox":false,"showFlares":true,"showImageEffects":true,"showParticleSystems":true,"showVisualEffectGraphs":true,"m_FxEnabled":true},"in2DMode":false,"pivot":{"x":1.1625010967254639,"y":-0.1920555680990219,"z":-0.022645898163318635},"rotation":{"x":-0.09395678341388703,"y":0.6941933631896973,"z":-0.09216927736997605,"w":-0.7076531648635864},"size":1.6624966859817505,"orthographic":false}